{
  "eslint.config.js": 1783757599.1592844,
  "vite.config.ts": 1782837812.7417653,
  "src\\App.tsx": 1784625679.557642,
  "src\\main.tsx": 1783758557.7538078,
  "src\\components\\Footer.tsx": 1783760153.5356457,
  "src\\components\\Hero.tsx": 1784626442.358877,
  "src\\components\\MovieCard.tsx": 1784627663.0111883,
  "src\\components\\MovieGrid.tsx": 1783784966.240346,
  "src\\components\\MovieSection.tsx": 1783785286.4500961,
  "src\\components\\Navbar.tsx": 1784628848.7532923,
  "src\\context\\MovieContext.tsx": 1783784970.4112835,
  "src\\context\\ThemeContext.tsx": 1784628579.523283,
  "src\\pages\\Favorites.tsx": 1784625874.245567,
  "src\\pages\\Home.tsx": 1784625870.6128805,
  "src\\pages\\MovieDetails.tsx": 1784627793.6061747,
  "src\\pages\\Movies.tsx": 1784627807.6009095,
  "src\\pages\\NotFound.tsx": 1784625874.5809288,
  "src\\pages\\Search.tsx": 1784638718.019797,
  "src\\pages\\Watchlist.tsx": 1784625874.5523636,
  "src\\services\\api.ts": 1783786239.145528,
  "src\\types\\index.ts": 1783784857.896961,
  "src\\types\\Theme.ts": 1784622703.6312237,
  "index.html": 1784625411.8137982,
  "README.md": 1783757599.1674638,
  "SKILL.md": 1784624305.0283737,
  "src\\assets\\hero.png": 1782837812.643578,
  "src\\assets\\react.svg": 1782837812.7091117,
  "src\\assets\\vite.svg": 1782837812.7255335
}